user,created,karma,submitted
BMarkmann,1259505489.0,210.0,108.0
BMorearty,1270560147.0,149.0,45.0
BWStearns,1364857283.0,1436.0,587.0
BadBougie,1500611394.0,7.0,1.0
Belphemur,1480779097.0,206.0,40.0
BillBatw2,1464026537.0,-5.0,12.0
Bobbleoxs,1466670232.0,3.0,16.0
BooglyWoo,1480938460.0,70.0,20.0
Boothroid,1458385878.0,558.0,772.0
BradyDale,1449369815.0,210.0,31.0
Breefield,1283346401.0,466.0,158.0
Brushfire,1213107880.0,684.0,277.0
BubbasDad,1493757962.0,8.0,4.0
By-Jokese,1507807576.0,11.0,4.0
CalRobert,1380889315.0,2585.0,1164.0
Caligatio,1502384093.0,13.0,4.0
CapsAdmin,1454362937.0,64.0,17.0
CaptSpify,1192455025.0,4819.0,2135.0
Carhughes,1274283041.0,3.0,9.0
CatMtKing,1364774575.0,234.0,167.0
ChadyWady,1488920686.0,7.0,3.0
Charliecf,1412281043.0,2.0,2.0
Chris2048,1346591058.0,1908.0,2618.0
CmdrKrool,1314040373.0,280.0,73.0
Cockbrand,1282682731.0,8.0,8.0
Companion,1496322903.0,1.0,6.0
CookieMon,1353166683.0,402.0,77.0
CraneWorm,1425683391.0,275.0,35.0
CreMindES,1501765715.0,8.0,5.0
CryoLogic,1450930287.0,610.0,109.0
Curious42,1483442270.0,38.0,20.0
Cursuviam,1469545019.0,91.0,38.0
DVassallo,1281208282.0,892.0,131.0
Daishiman,1249310732.0,3655.0,1110.0
Damogran6,1323898801.0,110.0,25.0
Darkstack,1370523581.0,2.0,2.0
Davertron,1235759441.0,450.0,157.0
DavidWoof,1330540628.0,877.0,111.0
Davidbrcz,1452866503.0,84.0,107.0
Decabytes,1505943158.0,16.0,6.0
DesaiAshu,1316550352.0,664.0,120.0
Devid2014,1390394740.0,83.0,37.0
Diederich,1243991840.0,2060.0,676.0
DocSavage,1186602457.0,1600.0,475.0
DogPawHat,1460843173.0,23.0,13.0
Dolores12,1435016162.0,387.0,243.0
Domenic_S,1312826031.0,3282.0,1443.0
DonbunEf7,1493243880.0,321.0,208.0
Dotnaught,1270238565.0,380.0,81.0
Dravidian,1504844521.0,14.0,5.0
EdHominem,1455922501.0,438.0,760.0
EdSharkey,1367817421.0,834.0,614.0
Effulgent,1504959739.0,1.0,1.0
ElatedOwl,1409844612.0,222.0,34.0
ElenaADEX,1502181235.0,2.0,6.0
EliRivers,1264112211.0,3900.0,2222.0
EllaGorev,1472751035.0,7.0,14.0
EmmiOokla,1496786902.0,1.0,3.0
Entangled,1468278778.0,420.0,176.0
Eric_WVGG,1382532791.0,1873.0,580.0
ErikBjare,1395820578.0,40.0,48.0
ErinSlack,1443744939.0,23.0,30.0
EvgeniyZh,1461796943.0,1510.0,240.0
FT_intern,1468426343.0,625.0,290.0
FiReaNG3L,1205990718.0,811.0,259.0
Filligree,1351678763.0,2261.0,898.0
Finnucane,1451921460.0,973.0,526.0
Fjolsvith,1386315936.0,1363.0,717.0
Fleming_1,1480618514.0,22.0,10.0
FooHentai,1464907546.0,621.0,183.0
Freeboots,1381656196.0,49.0,58.0
Friedduck,1284328200.0,105.0,45.0
FussyZeus,1444137656.0,1635.0,1204.0
Futurebot,1333670575.0,5064.0,937.0
GabeIsman,1340651552.0,0.0,3.0
Gammarays,1453306593.0,84.0,30.0
GeekyBear,1495919205.0,149.0,48.0
GiniScout,1499154069.0,1.0,6.0
Glyptodon,1363112949.0,1893.0,699.0
Grazester,1406922967.0,727.0,400.0
Grollicus,1457008977.0,106.0,38.0
H1Supreme,1491311758.0,193.0,117.0
HD134606c,1491076410.0,37.0,29.0
HNNoLikey,1502368817.0,40.0,45.0
HangLoose,1496442911.0,1.0,2.0
Hawkeye01,1492084720.0,1.0,3.0
Hendrikto,1511606324.0,17.0,9.0
Heraclite,1481035560.0,43.0,23.0
Hermitian,1350375828.0,10.0,10.0
HeyCholly,1504945561.0,2.0,1.0
HollowMan,1386339502.0,1.0,2.0
HorizonXP,1334912291.0,1676.0,473.0
IcyPickle,1495585715.0,9.0,5.0
ImTalking,1446679501.0,488.0,174.0
Invictus0,1500755106.0,49.0,50.0
IvanK_net,1377040271.0,520.0,220.0
JCharante,1489444392.0,66.0,94.0
JDiculous,1413589772.0,805.0,267.0
JKCalhoun,1464286565.0,258.0,163.0
JTenerife,1387354973.0,117.0,50.0
JackPoach,1458024981.0,529.0,313.0
JaggedJax,1311450712.0,226.0,74.0
JaggerFoo,1461185585.0,13.0,11.0
JasonSage,1343070198.0,523.0,153.0
JeanMarcS,1508800091.0,139.0,57.0
JefeChulo,1489167688.0,52.0,7.0
JeffR1992,1490917669.0,1.0,1.0
JoeCoder_,1412171217.0,90.0,23.0
JoeDaDude,1454346700.0,531.0,232.0
JohannesH,1418679808.0,99.0,27.0
John23832,1467901048.0,1125.0,402.0
JohnBooty,1336670777.0,3392.0,861.0
Johnny555,1437680410.0,4134.0,993.0
JonMontgo,1511379802.0,1.0,1.0
JoshuaRLi,1481686334.0,12.0,15.0
Jpoechill,1418840457.0,15.0,15.0
JshWright,1237216070.0,7501.0,1971.0
Jtsummers,1254839344.0,7667.0,3119.0
JudasGoat,1460231495.0,21.0,17.0
KIFulgore,1454075767.0,34.0,5.0
KKKKkkkk1,1451859922.0,2494.0,963.0
KabuseCha,1479899368.0,71.0,13.0
KaiserPro,1367424117.0,2342.0,845.0
KajMagnus,1343192854.0,397.0,177.0
Kanbanchi,1472210513.0,2.0,12.0
Karunamon,1302558072.0,12784.0,5476.0
Kevorkian,1488805105.0,4.0,3.0
KhalPanda,1394190179.0,422.0,149.0
KingNoosh,1463255453.0,-2.0,2.0
KirinDave,1202013303.0,10257.0,3490.0
Koala_ice,1462628360.0,3.0,2.0
KozmoNau7,1494927389.0,632.0,419.0
LarryPage,1486402040.0,10.0,25.0
Learn2win,1376312666.0,102.0,50.0
Leigho_11,1502294442.0,1.0,1.0
Lightbody,1237817847.0,524.0,81.0
LilingLee,1509559862.0,1.0,1.0
LockState,1486014650.0,1.0,1.0
LordRatte,1424262375.0,3.0,4.0
Lord_Yoda,1430374244.0,28.0,12.0
LucianLMZ,1505117951.0,1.0,1.0
Maarten88,1362420616.0,1495.0,380.0
MadWombat,1274255684.0,50.0,33.0
MagerValp,1345126287.0,213.0,75.0
Majorburn,1495773756.0,1.0,1.0
MarcScott,1372958149.0,2996.0,420.0
MarkSweep,1269950000.0,357.0,127.0
Matt3o12_,1424958545.0,756.0,298.0
MattHodge,1418399818.0,6.0,11.0
Mattasher,1442783550.0,47.0,30.0
MaxLeiter,1448500049.0,1103.0,164.0
MegaButts,1486746351.0,257.0,160.0
MichaelGG,1266705139.0,16921.0,6891.0
Michielvv,1304938795.0,27.0,29.0
Minikloon,1486411019.0,21.0,5.0
Miranda12,1500378254.0,0.0,2.0
MontagFTB,1338574346.0,71.0,25.0
Mortiffer,1390216747.0,12.0,14.0
MrFurious,1472417192.0,13.0,12.0
MrQuincle,1359243154.0,1300.0,552.0
MrZongle2,1377030735.0,2382.0,1046.0
Multicomp,1501247378.0,115.0,61.0
Multiuser,1505984647.0,0.0,1.0
Myrmornis,1338363169.0,829.0,734.0
NPMaxwell,1383445515.0,55.0,41.0
NTillmann,1493832207.0,83.0,6.0
Nav_Panel,1338604101.0,886.0,270.0
Nazzareno,1301700881.0,24.0,26.0
Negative1,1414767218.0,641.0,195.0
NicoJuicy,1327395668.0,2912.0,2041.0
NinetyMPH,1491388698.0,1.0,1.0
Nokinside,1416306629.0,1522.0,351.0
NotAmazin,1484781031.0,1.0,1.0
NuSkooler,1442419146.0,84.0,63.0
NumberSix,1385684587.0,539.0,136.0
OddMerlin,1456265626.0,11.0,6.0
OhHeyItsE,1373291449.0,899.0,115.0
Opteron67,1483130782.0,11.0,7.0
OrangeTux,1421919702.0,278.0,43.0
Orangeair,1390344949.0,557.0,136.0
PangurBan,1500120353.0,20.0,18.0
PaulHoule,1291941581.0,9221.0,4553.0
Perceptes,1317199748.0,1611.0,301.0
PerilousD,1439469867.0,45.0,9.0
Pffffffff,1503100302.0,-5.0,3.0
Philipp__,1441128038.0,1451.0,334.0
Philomath,1484485799.0,78.0,85.0
Qwertious,1345300294.0,757.0,450.0
RA_Fisher,1347644874.0,656.0,310.0
RKlophaus,1216255927.0,1207.0,129.0
Rafa19994,1418372507.0,-4.0,2.0
RantyDave,1174863463.0,151.0,99.0
Raphmedia,1372270872.0,3748.0,1447.0
Reason077,1433144881.0,1223.0,380.0
RoboTeddy,1232501549.0,1197.0,218.0
Robotbeat,1486084558.0,1116.0,331.0
Romajashi,1481010343.0,3.0,9.0
Ronsenshi,1390519319.0,335.0,178.0
Roritharr,1281227165.0,2813.0,778.0
Rotdhizon,1507914103.0,1.0,11.0
Roverlord,1451213476.0,8.0,9.0
RyanShook,1435544157.0,119.0,32.0
SJoelKatz,1380398059.0,6.0,12.0
SandersAK,1306422500.0,1119.0,269.0
Santosh83,1453294346.0,1234.0,295.0
Scaevolus,1252248648.0,2809.0,639.0
ScamAlert,1502560062.0,1.0,1.0
Scorpiion,1467113743.0,51.0,20.0
Seanny123,1445873634.0,142.0,60.0
Semiapies,1236876351.0,4685.0,2552.0
ShabbyDoo,1205439419.0,3001.0,1058.0
Shicholas,1267564366.0,23.0,22.0
SigSegOwl,1499672104.0,1.0,1.0
SilentM68,1467246244.0,2.0,6.0
SimeVidas,1394029046.0,568.0,353.0
Simulacra,1403167459.0,381.0,243.0
Sir_Cmpwn,1357543724.0,8809.0,2188.0
Slackwise,1279420026.0,541.0,193.0
Slamchunk,1479286073.0,27.0,8.0
SloughFeg,1372088490.0,110.0,36.0
SngrZnvlt,1506967469.0,1.0,2.0
SoggyMike,1506141885.0,1.0,6.0
SonicSoul,1304871136.0,2153.0,1067.0
SrslyJosh,1338938079.0,157.0,61.0
Stephen-E,1433276022.0,1.0,2.0
SteveNuts,1449671929.0,693.0,197.0
Stingray7,1471549151.0,1.0,3.0
SyneRyder,1297955590.0,2600.0,1048.0
TM_talent,1496873999.0,1.0,3.0
Taylor_OD,1436749445.0,394.0,271.0
TedHerman,1434984238.0,1.0,3.0
TheAndruu,1376742454.0,65.0,58.0
TheArcane,1457103832.0,186.0,128.0
TheBlerch,1500208427.0,32.0,3.0
TheChosen,1489176009.0,4.0,6.0
TheCondor,1247679684.0,745.0,427.0
TheNewLab,1484238524.0,19.0,7.0
TheRoccoB,1454388824.0,66.0,29.0
TheVinous,1454493470.0,121.0,31.0
TheWoodsy,1435954074.0,103.0,15.0
TheYumasi,1508394316.0,4.0,1.0
The_DaveG,1476292452.0,34.0,36.0
ThenAsNow,1463255316.0,68.0,24.0
Theodores,1361767430.0,2424.0,1462.0
Thespian2,1471302873.0,86.0,12.0
ThinkBeat,1381874585.0,300.0,98.0
Tiktaalik,1238790814.0,2296.0,666.0
TimJYoung,1287811346.0,416.0,274.0
TomMarius,1477747593.0,366.0,324.0
TomPusher,1464797622.0,6.0,10.0
Transisto,1349978587.0,156.0,7.0
Triesault,1433522086.0,45.0,9.0
TruthHawk,1489504160.0,8.0,3.0
TuringNYC,1435437273.0,1631.0,350.0
Unisecure,1504791220.0,0.0,3.0
United857,1304722866.0,1535.0,301.0
UpMetrics,1491340317.0,1.0,2.0
Upvoter33,1436374583.0,465.0,123.0
ValeriLee,1494443270.0,1.0,1.0
Vektorweg,1375525674.0,89.0,140.0
Vkkan2016,1455351356.0,1.0,4.0
Voloskaya,1413566469.0,365.0,78.0
WaxProlix,1396460289.0,1109.0,373.0
WhatsName,1384545592.0,120.0,31.0
WisNorCan,1497196382.0,1176.0,93.0
Wissmania,1375200453.0,27.0,24.0
Xcelerate,1339127290.0,7348.0,1537.0
Xeoncross,1300897226.0,1206.0,430.0
YPCrumble,1364517663.0,331.0,79.0
Zeklandia,1425877872.0,21.0,13.0
ZenPsycho,1324530716.0,512.0,311.0
ZenoArrow,1351257298.0,4305.0,3689.0
_asummers,1406986981.0,1505.0,617.0
_hamilton,1492107758.0,8.0,2.0
_neilandr,1386164580.0,1.0,1.0
_orcaman_,1486397256.0,2.0,5.0
_sdegutis,1504117055.0,122.0,69.0
aaavl2821,1511228777.0,400.0,113.0
aaggarwal,1427551582.0,548.0,130.0
aamederen,1455527026.0,286.0,51.0
aaroneous,1175573718.0,590.0,324.0
aaroninsf,1402526701.0,337.0,153.0
abalashov,1228989615.0,3298.0,1234.0
abvdasker,1379693308.0,305.0,164.0
accurrent,1357114142.0,42.0,31.0
achillean,1259806563.0,669.0,142.0
acmecorps,1241859824.0,54.0,52.0
adambratt,1331449854.0,1175.0,173.0
adamgluck,1375256623.0,14.0,13.0
adamjboyd,1491242719.0,2.0,2.0
adaml2017,1501127488.0,2.0,1.0
adamonkey,1466459284.0,21.0,14.0
adamsmith,1160531578.0,2481.0,272.0
adamvalve,1414171881.0,16.0,11.0
addHocker,1505468752.0,31.0,48.0
adeelraza,1204312061.0,13.0,10.0
aderaynal,1267486184.0,34.0,43.0
adhambadr,1412285419.0,165.0,19.0
adhksafds,1483846535.0,20.0,7.0
adictator,1445440710.0,17.0,71.0
adrianhon,1329776657.0,84.0,40.0
adrianlmm,1365606098.0,142.0,379.0
adultSwim,1373558116.0,251.0,229.0
adventist,1474067172.0,38.0,38.0
aembleton,1395827275.0,962.0,510.0
aeromusek,1456974072.0,7.0,10.0
aetherson,1353432219.0,4791.0,1325.0
afromatic,1507762918.0,2.0,1.0
afshinmeh,1359633729.0,2829.0,626.0
agaripian,1489351847.0,1.0,2.0
ageofwant,1392082153.0,687.0,475.0
agilebyte,1302121529.0,688.0,437.0
agotterer,1191466254.0,1880.0,599.0
agounaris,1373294515.0,168.0,105.0
agumonkey,1318171413.0,13685.0,8823.0
agustamir,1485015566.0,10.0,6.0
ahacker15,1468318321.0,116.0,42.0
ahartmetz,1501170964.0,156.0,60.0
ahlatimer,1238448534.0,837.0,376.0
ahultgren,1360068477.0,79.0,16.0
ai_ja_nai,1397551936.0,75.0,59.0
ainiriand,1405681689.0,494.0,303.0
aioprisan,1304441671.0,1267.0,722.0
aisofteng,1474416629.0,490.0,373.0
ajcontino,1488371384.0,1.0,1.0
ajennings,1284490587.0,211.0,45.0
ajmurmann,1277696470.0,3111.0,985.0
akira2501,1276201337.0,908.0,309.0
akvadrako,1267621960.0,785.0,584.0
alasdair_,1354471583.0,1694.0,457.0
albertsun,1228962171.0,1987.0,400.0
alchemism,1315492023.0,55.0,54.0
alekseypo,1429918474.0,5.0,4.0
alex-mohr,1435003880.0,51.0,7.0
alexashka,1383083303.0,419.0,310.0
alexbanks,1467915623.0,209.0,82.0
alexbeloi,1463785715.0,436.0,140.0
alexcroox,1359638222.0,404.0,140.0
alexkadis,1365517299.0,61.0,21.0
alexkavon,1426840973.0,366.0,152.0
alexmarcy,1348695888.0,72.0,36.0
alexwebb2,1395020880.0,390.0,82.0
alienhard,1330557235.0,8.0,6.0
aligajani,1394420766.0,90.0,164.0
alimoeeny,1221498648.0,343.0,240.0
allending,1253248375.0,646.0,121.0
allpratik,1411568754.0,77.0,34.0
almir_tmp,1500042200.0,1.0,7.0
alschwalm,1424582540.0,83.0,19.0
altotrees,1448286468.0,443.0,197.0
amadvance,1255447204.0,130.0,55.0
ambletron,1504368170.0,1.0,1.0
ambrosite,1506558072.0,242.0,28.0
amckinlay,1346812763.0,218.0,45.0
amirouche,1348160069.0,817.0,472.0
amitklein,1298567198.0,52.0,31.0
amymassey,1474296982.0,9.0,5.0
analyst74,1262123718.0,1580.0,440.0
andmarios,1341834786.0,1793.0,402.0
andr3w321,1326647031.0,317.0,79.0
andre3000,1485273004.0,3.0,1.0
andreicon,1457511169.0,27.0,75.0
andrewdon,1388011511.0,41.0,20.0
andrewksl,1401205550.0,73.0,39.0
angersock,1316617466.0,15078.0,6215.0
angrygoat,1410999533.0,264.0,61.0
anigbrowl,1240107667.0,51536.0,16566.0
animal531,1438003487.0,124.0,151.0
ankitsoni,1444094425.0,25.0,17.0
anoisyboy,1491974011.0,4.0,2.0
anonymfus,1338804419.0,1656.0,702.0
antaviana,1407310407.0,480.0,181.0
anterak13,1472392343.0,16.0,4.0
antibland,1483140555.0,-4.0,10.0
antiquark,1451158718.0,69.0,40.0
anupam001,1498383179.0,1.0,1.0
anvandare,1339701076.0,296.0,72.0
apathetic,1354961380.0,18.0,35.0
apexalpha,1490464712.0,436.0,90.0
aphextron,1458461576.0,3752.0,1029.0
apishdadi,1509562164.0,1.0,1.0
applehire,1478017536.0,9.0,8.0
appleiigs,1470231377.0,425.0,178.0
apricot13,1312206463.0,90.0,99.0
aqibgatoo,1436462491.0,2.0,10.0
arbesfeld,1367386667.0,552.0,82.0
arbitrage,1330707440.0,899.0,235.0
archergod,1430807262.0,-4.0,3.0
archgrove,1238518493.0,2198.0,195.0
architek1,1350572346.0,2.0,7.0
archon810,1224600764.0,2303.0,215.0
ardivekar,1474856724.0,37.0,29.0
aretec_ny,1507818373.0,0.0,4.0
aretecinc,1480640772.0,16.0,1.0
arianvanp,1359040801.0,1220.0,313.0
arichetta,1506972909.0,7.0,2.0
aries1980,1413658203.0,148.0,221.0
armidoro1,1486458288.0,2.0,2.0
arprocter,1371559097.0,667.0,366.0
arrowgunz,1278202813.0,296.0,159.0
arrrvalue,1499730014.0,-4.0,11.0
arsenerei,1375376362.0,119.0,81.0
arstaetro,1465674758.0,2.0,8.0
artimaeis,1332296652.0,470.0,151.0
aryabokul,1504382125.0,1.0,2.0
ashbrahma,1271261594.0,916.0,273.0
asimjalis,1207668857.0,1064.0,452.0
askvictor,1441065526.0,736.0,402.0
aslammuet,1427711873.0,1.0,28.0
asmithmd1,1205932075.0,2934.0,678.0
astoilkov,1424435780.0,264.0,31.0
astral303,1296535043.0,1144.0,297.0
astrodust,1199398628.0,11187.0,5322.0
atarkmani,1287561349.0,1.0,18.0
ataspinar,1422451131.0,4.0,13.0
atbentley,1481837334.0,41.0,20.0
athreya86,1373515679.0,1.0,2.0
atmartins,1480744957.0,9.0,8.0
atollstat,1459318415.0,30.0,4.0
atrachelh,1488407428.0,2.0,3.0
atrachelt,1430496777.0,8.0,17.0
attawahid,1507152560.0,17.0,11.0
atuschman,1396044994.0,1.0,3.0
audiolion,1503316375.0,-2.0,3.0
auslegung,1370914479.0,13.0,23.0
avaazjobs,1472763057.0,3.0,7.0
avatar345,1484431589.0,6.0,3.0
avitzurel,1385642438.0,1221.0,428.0
awsoutage,1488308040.0,-4.0,9.0
b3lvedere,1429174416.0,214.0,145.0
baalimago,1500197884.0,8.0,41.0
babayega2,1452495163.0,141.0,73.0
bachmeier,1395081573.0,905.0,368.0
badevguru,1442187861.0,0.0,2.0
badperson,1443559533.0,1.0,2.0
baitbiter,1497384519.0,-8.0,8.0
baldeagle,1312180449.0,301.0,143.0
balladeer,1386538074.0,505.0,380.0
baltimore,1351653045.0,58.0,9.0
bananaboy,1427633110.0,171.0,111.0
banashark,1433185938.0,126.0,25.0
banderman,1498580012.0,47.0,37.0
batmansmk,1447359710.0,308.0,101.0
battlebot,1484105200.0,15.0,161.0
bazillion,1354233335.0,617.0,155.0
bcantrill,1281883320.0,5371.0,392.0
bcohen123,1358279483.0,47.0,21.0
bcoughlan,1369786510.0,78.0,31.0
bdcravens,1339271438.0,7396.0,3352.0
bdickason,1264434345.0,764.0,328.0
be_driven,1493662690.0,3.0,3.0
bearcobra,1453148797.0,264.0,93.0
beatpanda,1286396007.0,1770.0,664.0
beauhurst,1401722257.0,1.0,6.0
beegeezuz,1485339963.0,-1.0,18.0
ben_janes,1510072557.0,0.0,1.0
ben_jones,1459903454.0,1539.0,930.0
benchaney,1436694748.0,870.0,386.0
bendermon,1483374248.0,57.0,11.0
benforged,1504231018.0,6.0,3.0
bengkoang,1454288188.0,2.0,1.0
benjyclay,1473263186.0,74.0,17.0
benmarten,1433878926.0,68.0,50.0
benmathes,1201715007.0,828.0,262.0
benmorris,1372692875.0,248.0,99.0
bennyp101,1370099648.0,19.0,34.0
bentlegen,1238681002.0,2562.0,296.0
berberous,1320340089.0,2180.0,484.0
bernardom,1346270689.0,1040.0,277.0
beschizza,1321335842.0,118.0,26.0
bharani_m,1312104561.0,458.0,123.0
bharath28,1318609490.0,68.0,65.0
bhayes121,1512139515.0,1.0,1.0
bichiliad,1355274837.0,344.0,173.0
bidmotion,1493211409.0,2.0,9.0
bigboy678,1510923807.0,4.0,3.0
bigbugbag,1396624157.0,1763.0,1479.0
bikamonki,1375584075.0,801.0,575.0
billconan,1285749465.0,2217.0,769.0
billdybas,1486240782.0,42.0,11.0
billfruit,1508868668.0,3.0,14.0
binarymax,1267778922.0,5322.0,1234.0
binglybob,1490200948.0,7.0,1.0
biomcgary,1346211274.0,389.0,115.0
bitExpert,1504337669.0,1.0,1.0
bit_logic,1475947506.0,646.0,52.0
bitdiddle,1171971002.0,805.0,357.0
bitmedley,1469701716.0,17.0,9.0
bitshaker,1437977560.0,51.0,16.0
bitwizzle,1373090861.0,19.0,6.0
bjcubsfan,1274449899.0,546.0,45.0
bjt2n3904,1417245149.0,654.0,99.0
bkohlmann,1325791847.0,923.0,264.0
blackRust,1303517047.0,374.0,81.0
blackhole,1296586188.0,3416.0,313.0
blahblah3,1417824616.0,98.0,72.0
blaincate,1403714430.0,55.0,40.0
blazespin,1368741851.0,3048.0,1225.0
bligh____,1504039183.0,14.0,3.0
blizkreeg,1191172118.0,1190.0,374.0
blockchan,1481371884.0,25.0,9.0
blondie9x,1437341796.0,1405.0,277.0
bluebeard,1468959682.0,17.0,21.0
bluefoxio,1486086261.0,1.0,1.0
bluellama,1406905158.0,6.0,6.0
bluepeter,1427520174.0,9.0,16.0
bluepnume,1328365223.0,300.0,89.0
blueprint,1322060906.0,255.0,452.0
blueworks,1490081611.0,2.0,2.0
bobcallme,1484232219.0,199.0,34.0
bobjordan,1388496975.0,656.0,122.0
bobpappas,1454635908.0,3.0,5.0
bobzimuta,1230497933.0,162.0,61.0
bognition,1382465595.0,769.0,197.0
bolololo1,1492777304.0,-4.0,30.0
bookofjoe,1462711210.0,30.0,92.0
botskonet,1304610252.0,120.0,26.0
boubiyeah,1361198981.0,531.0,180.0
bovermyer,1380820972.0,1192.0,522.0
boxcarton,1341209405.0,6.0,2.0
bprasanna,1364897472.0,45.0,63.0
bradb3030,1382859442.0,15.0,11.0
bradezone,1337959539.0,2.0,21.0
bradleyjg,1325104156.0,8324.0,1848.0
brailsafe,1495348451.0,297.0,127.0
brainfire,1443045479.0,385.0,176.0
braintree,1491269406.0,1.0,1.0
braithers,1421154590.0,20.0,14.0
branchly2,1456157566.0,36.0,34.0
braymundo,1475150900.0,172.0,35.0
brbrodude,1448033206.0,58.0,80.0
brendanmh,1487006637.0,1.0,3.0
brezelben,1437766998.0,24.0,15.0
briandear,1301358292.0,3110.0,2690.0
briandoll,1214761133.0,1241.0,264.0
brianon99,1458307323.0,24.0,13.0
bridge_ro,1503445874.0,17.0,12.0
brockvond,1478093456.0,16.0,24.0
brohoolio,1361393146.0,696.0,208.0
brookside,1416005302.0,550.0,179.0
brooksyd2,1483624839.0,4.0,1.0
brosky117,1421861642.0,182.0,44.0
brotherAB,1485842986.0,1.0,6.0
bruno2223,1469938840.0,120.0,34.0
bryogenic,1306178236.0,639.0,106.0
bsclifton,1420008107.0,32.0,36.0
bsenftner,1318693231.0,1367.0,494.0
btbuildem,1358464938.0,825.0,471.0
btgeekboy,1337232846.0,693.0,367.0
btkramer9,1383101781.0,83.0,33.0
btschaegg,1476342153.0,365.0,293.0
bucketman,1506545580.0,3.0,1.0
buddapalm,1425231019.0,29.0,16.0
bukgoogle,1503877507.0,3.0,8.0
burgerdev,1425475412.0,114.0,33.0
busterarm,1359752916.0,4105.0,1727.0
bweisburd,1501599688.0,2.0,2.0
cabalamat,1206809700.0,4977.0,1907.0
cafebabbe,1479590420.0,100.0,34.0
caffodian,1458842987.0,110.0,19.0
cagey_vet,1429121133.0,17.0,28.0
calciphus,1312871108.0,543.0,272.0
calflegal,1491496676.0,18.0,7.0
callumski,1443775177.0,4.0,1.0
calmchaos,1508784649.0,2.0,6.0
caminante,1395378082.0,1149.0,479.0
camperman,1239187906.0,1154.0,417.0
cancancan,1472419176.0,22.0,28.0
canjobear,1382654009.0,955.0,203.0
canyon289,1476214867.0,32.0,12.0
canyonero,1445855251.0,20.0,8.0
captainkb,1499316681.0,27.0,2.0
cardmagic,1202406315.0,1655.0,301.0
carlisle_,1347653627.0,550.0,140.0
carlmungz,1476284412.0,445.0,157.0
carlos808,1480763951.0,-2.0,2.0
carlsborg,1398383238.0,178.0,64.0
carroccio,1497086663.0,-6.0,12.0
carussell,1253585158.0,2134.0,1204.0
caseus515,1496413255.0,2.0,6.0
catacombs,1470927042.0,246.0,38.0
catattack,1500476607.0,1.0,1.0
catinka13,1441203924.0,5.0,12.0
catmanjan,1368665209.0,402.0,208.0
catnaroek,1376809549.0,1497.0,1927.0
catpolice,1437656931.0,252.0,70.0
cconcepts,1392602632.0,646.0,193.0
cdancette,1469818214.0,556.0,181.0
cdbattags,1381411520.0,51.0,34.0
cdelsolar,1318975760.0,597.0,324.0
cdicelico,1492606958.0,12.0,7.0
cedricium,1504118939.0,2.0,4.0
cee_el123,1491361541.0,1.0,1.0
century19,1399544857.0,651.0,125.0
cerealbad,1502354178.0,19.0,50.0
chacham15,1319840008.0,875.0,472.0
chapati23,1490913633.0,0.0,1.0
charlesdm,1261870756.0,2756.0,1559.0
charlesgo,1477489276.0,4.0,3.0
chatmasta,1336848355.0,6547.0,2212.0
chesserik,1497295922.0,166.0,7.0
chkuendig,1418387624.0,711.0,198.0
chmaynard,1407925157.0,2000.0,631.0
chollida1,1203447498.0,15487.0,2076.0
chris1993,1483663165.0,4.0,8.0
chris_wot,1334118263.0,12593.0,6578.0
chrisacky,1321034901.0,6662.0,491.0
chrisbolt,1205227587.0,1140.0,480.0
chrischen,1249666630.0,5885.0,2952.0
chrisdone,1200380328.0,506.0,236.0
chrismoos,1254030806.0,101.0,53.0
christa30,1502955215.0,1.0,2.0
chrisvoss,1413847240.0,3.0,3.0
chromaton,1365831928.0,566.0,215.0
chuckcode,1369024276.0,553.0,203.0
chutchins,1271892903.0,1.0,3.0
cialowicz,1417161852.0,73.0,30.0
ciaravino,1483186988.0,5.0,4.0
circadiam,1493022190.0,23.0,12.0
circadian,1464332988.0,5.0,14.0
cjcenizal,1363062330.0,543.0,119.0
cjmcqueen,1301507452.0,33.0,20.0
cjwoodall,1476312568.0,42.0,19.0
ckorhonen,1286731256.0,53.0,32.0
ckugblenu,1424358069.0,17.0,6.0
cl0rkster,1497436083.0,62.0,8.0
clairbear,1491720358.0,1.0,2.0
clandry94,1491318265.0,2.0,5.0
clapinton,1389998603.0,62.0,29.0
classisch,1507624986.0,70.0,13.0
classyjim,1418219404.0,3.0,30.0
clay_to_n,1397164906.0,850.0,310.0
cldwalker,1244100680.0,321.0,112.0
cloudfive,1509830746.0,2.0,1.0
cloudhead,1235224086.0,1052.0,173.0
cloudmike,1257425945.0,428.0,62.0
cloudvrfy,1487964239.0,66.0,9.0
cloverich,1338822026.0,947.0,343.0
clubminsk,1486732076.0,337.0,78.0
clutchski,1239769105.0,589.0,130.0
cnbuff410,1360705469.0,825.0,94.0
cobbzilla,1368210210.0,424.0,162.0
cobookman,1366334028.0,978.0,315.0
code4good,1491318522.0,1.0,1.0
codebungl,1310630742.0,311.0,22.0
codekilla,1491335810.0,34.0,12.0
codepilot,1477406867.0,4.0,4.0
codeulike,1343238781.0,4210.0,978.0
coding123,1372781584.0,367.0,200.0
codr4life,1419316250.0,635.0,368.0
codybrown,1267418089.0,1127.0,83.0
coffeemug,1187129231.0,13246.0,1151.0
coinidons,1486285491.0,4.0,1.0
coldpizza,1478717494.0,88.0,10.0
common_01,1511216096.0,1.0,2.0
compumike,1254847713.0,2002.0,271.0
conanbatt,1357086747.0,1716.0,1042.0
conancook,1506964252.0,1.0,1.0
concatime,1495210619.0,2.0,5.0
conductor,1286716200.0,9171.0,1115.0
congerous,1483125636.0,31.0,22.0
constexpr,1313459774.0,267.0,73.0
container,1347132043.0,49.0,14.0
convefefe,1496497721.0,3.0,6.0
coolgoose,1437894214.0,43.0,8.0
coolio222,1503098979.0,17.0,11.0
coolmitch,1399342193.0,182.0,15.0
corecoder,1459955087.0,464.0,181.0
coredog64,1459657366.0,1480.0,728.0
corentint,1491467908.0,1.0,1.0
coripryor,1501602749.0,3.0,3.0
cornchips,1445892978.0,93.0,79.0
cortesoft,1270579996.0,5315.0,1388.0
corybrown,1453057403.0,135.0,53.0
cosinetau,1446402457.0,354.0,145.0
cossovich,1340872519.0,7.0,7.0
cousamfee,1506369935.0,20.0,1.0
cousin_it,1200691168.0,6487.0,2481.0
covamalia,1435822840.0,1.0,2.0
covenator,1440016304.0,1.0,1.0
coverband,1265218900.0,338.0,176.0
covercash,1242335648.0,1424.0,336.0
cploonker,1298509480.0,6.0,16.0
cpncrunch,1363963271.0,3386.0,1821.0
cquilboss,1432064421.0,1.0,4.0
craftyguy,1504663328.0,842.0,412.0
cramforce,1286792632.0,3408.0,235.0
crazy1van,1334163803.0,939.0,378.0
cridenour,1337949127.0,203.0,83.0
crisnoble,1322758558.0,1280.0,467.0
cromulent,1241367756.0,3789.0,870.0
cronjobma,1497520480.0,265.0,75.0
crooked-v,1456445306.0,1259.0,292.0
cryptarch,1469692946.0,1000.0,481.0
cryreduce,1488304384.0,1.0,1.0
cstoddart,1458765729.0,9.0,1.0
cuspycode,1440518774.0,23.0,24.0
cvburgess,1345415325.0,296.0,139.0
cvrajeesh,1338185262.0,30.0,31.0
cyberpunk,1459287175.0,487.0,222.0
cynoclast,1294687632.0,184.0,90.0
cypher303,1441559650.0,26.0,31.0
cypher543,1337921193.0,354.0,143.0
d_burfoot,1458472403.0,325.0,50.0
daigoba66,1339359632.0,2696.0,565.0
dalewelch,1469735744.0,6.0,2.0
damandloi,1492414197.0,2.0,8.0
danamclee,1485969510.0,1.0,2.0
dangoldin,1206480915.0,6360.0,1597.0
danielamc,1430495192.0,8.0,38.0
danmoreno,1478106950.0,3.0,1.0
dannyking,1351586984.0,183.0,66.0
danpalmer,1332381417.0,2428.0,752.0
danreed07,1500827344.0,11.0,17.0
dariaevdo,1416879791.0,15.0,41.0
darklajid,1277738802.0,5892.0,2502.0
darrennix,1300669789.0,1674.0,158.0
darrylb42,1281549432.0,47.0,27.0
datamoshr,1404121017.0,264.0,27.0
datboitom,1309495659.0,2.0,12.0
datenwolf,1315498663.0,585.0,211.0
daveb5130,1486020578.0,2.0,1.0
davexunit,1365608502.0,5989.0,1605.0
david-gpu,1472258073.0,254.0,43.0
davidiach,1357683642.0,2715.0,484.0
davidp670,1308944648.0,13.0,17.0
davidwihl,1362148165.0,294.0,80.0
davidy123,1377630039.0,142.0,162.0
davismwfl,1345342947.0,1205.0,857.0
davisonio,1455205629.0,56.0,21.0
davnicwil,1429566201.0,1155.0,326.0
davotoula,1346926604.0,74.0,30.0
dawhizkid,1451154180.0,660.0,112.0
dawnbreez,1447628496.0,531.0,383.0
dbancajas,1372216112.0,80.0,63.0
dccoolgai,1336149659.0,1626.0,502.0
dcgudeman,1449434078.0,1090.0,145.0
dchichkov,1321560444.0,1410.0,641.0
death_syn,1513088753.0,1.0,2.0
debamitro,1476218166.0,1.0,3.0
debarshri,1432220977.0,36.0,20.0
debtor123,1490207093.0,2.0,3.0
debuggest,1462214264.0,5.0,12.0
decasteve,1342979094.0,703.0,168.0
decker405,1509577233.0,18.0,2.0
deedubaya,1311174666.0,971.0,320.0
deeteecee,1376511129.0,34.0,74.0
delliston,1509990466.0,1.0,2.0
dennykane,1493154408.0,-8.0,28.0
depsypher,1311189982.0,57.0,36.0
deskamess,1279566437.0,630.0,278.0
deskcoder,1482426821.0,5.0,5.0
deskglass,1322936753.0,78.0,56.0
developuh,1324057419.0,10.0,18.0
devsigner,1493914451.0,9.0,47.0
dexterdog,1334254408.0,1265.0,829.0
dfabulich,1265147734.0,1954.0,259.0
dfauchier,1489250142.0,2.0,1.0
dfuhriman,1300988680.0,109.0,30.0
dgitg5266,1489100732.0,1.0,2.0
didymospl,1434890381.0,90.0,23.0
digdigdag,1398650308.0,141.0,25.0
digitsman,1483931062.0,1.0,1.0
digler999,1384120226.0,1388.0,721.0
diminoten,1242396785.0,2477.0,2105.0
dindresto,1344282525.0,120.0,56.0
dineshr93,1510683086.0,2.0,1.0
dingaling,1378461101.0,4446.0,1614.0
dingo_bat,1442676742.0,2411.0,1397.0
dinosaurs,1355328688.0,425.0,113.0
dionidium,1216138528.0,3703.0,1189.0
dirtyaura,1226621266.0,6439.0,1177.0
discodave,1310379234.0,834.0,300.0
dizzystar,1348183787.0,1702.0,465.0
djaychela,1434114979.0,903.0,219.0
djmashko2,1387925661.0,527.0,126.0
djohnston,1416827532.0,128.0,54.0
djrobstep,1360235672.0,404.0,119.0
dllthomas,1338329391.0,11207.0,8627.0
dmacvicar,1290783277.0,104.0,76.0
dmartinez,1474936305.0,20.0,15.0
dmbaggett,1294764142.0,3471.0,301.0
dmichulke,1404222610.0,1188.0,545.0
dmurawsky,1428896362.0,28.0,5.0
doanerock,1398379671.0,2.0,4.0
dogma1138,1408727762.0,8495.0,4546.0
doguozkan,1435502518.0,20.0,15.0
dolbyzerr,1483518304.0,2.0,3.0
dolguldur,1451501450.0,105.0,55.0
donald123,1460469925.0,159.0,53.0
donaldguy,1325080758.0,112.0,33.0
donalhunt,1411768240.0,48.0,38.0
donmatito,1446985471.0,308.0,94.0
donpinkus,1385456121.0,87.0,35.0
dontreact,1415722954.0,323.0,149.0
doodpants,1386285334.0,407.0,141.0
doomlaser,1312041273.0,1720.0,266.0
dotnetkow,1299532285.0,17.0,37.0
double051,1329621417.0,138.0,47.0
dougb1102,1305848218.0,6.0,2.0
dovdovdov,1480491501.0,227.0,157.0
dplatzman,1486659842.0,1.0,4.0
drallison,1254668438.0,2553.0,1010.0
draw_down,1441318254.0,1275.0,2198.0
drdre2001,1467361603.0,271.0,68.0
dreamache,1478747574.0,220.0,31.0
dreamdu5t,1305224662.0,1914.0,1443.0
drewsimon,1406912303.0,2.0,3.0
drewvolpe,1284725475.0,702.0,189.0
driverdan,1251610164.0,8088.0,2286.0
droidist2,1345636588.0,600.0,480.0
drproktor,1487270763.0,2.0,1.0
drstewart,1341335373.0,248.0,137.0
drukenemo,1471628663.0,9.0,12.0
dsmithatx,1432502882.0,886.0,267.0
dstillman,1378792940.0,26.0,9.0
dsugarman,1332945699.0,1583.0,424.0
dtwhitney,1338584354.0,28.0,30.0
dubcanada,1291433036.0,1414.0,693.0
duderific,1399076241.0,438.0,255.0
dugmartin,1234462563.0,2038.0,590.0
durzagott,1309939484.0,179.0,90.0
dutchbrit,1267814038.0,3948.0,976.0
dylanbfox,1410284804.0,113.0,44.0
dzhiurgis,1323135025.0,870.0,972.0
e19293001,1385787725.0,964.0,241.0
eXpl0it3r,1315321594.0,193.0,95.0
eapelgren,1482845580.0,2.0,1.0
eapotapov,1289965107.0,28.0,11.0
earenndil,1498003891.0,119.0,135.0
earlybike,1506665526.0,47.0,60.0
eastindex,1475395733.0,12.0,19.0
eatonphil,1419705944.0,2969.0,700.0
ebildsten,1295926392.0,1192.0,65.0
eblanshey,1408116874.0,87.0,45.0
ebola1717,1430184543.0,588.0,221.0
ebrandell,1508036322.0,1.0,3.0
ecopoesis,1296614846.0,1455.0,356.0
edblarney,1478284614.0,2104.0,1165.0
edgartaor,1457293825.0,200.0,52.0
edpichler,1373414029.0,706.0,335.0
edsheeran,1490716156.0,87.0,17.0
ehsquared,1476592421.0,2.0,3.0
eksemplar,1462255327.0,881.0,241.0
ekvintroj,1474155215.0,30.0,24.0
elberto34,1419467782.0,745.0,88.0
elbrodeur,1276794457.0,899.0,151.0
elcapitan,1438021434.0,2267.0,712.0
elheffe80,1384240472.0,1.0,10.0
eltoozero,1412128394.0,266.0,131.0
elventear,1483751785.0,2.0,1.0
elvinyung,1407849172.0,914.0,241.0
emilburzo,1412350857.0,736.0,319.0
emiliosic,1510195355.0,1.0,1.0
emilsedgh,1278313978.0,2062.0,328.0
emmelaich,1252553552.0,1836.0,1345.0
emptybits,1353437837.0,621.0,163.0
encoderer,1241636040.0,5920.0,2192.0
ensiferum,1440093376.0,709.0,365.0
epistasis,1294437051.0,5944.0,1502.0
epuidokas,1413469870.0,1.0,7.0
eranation,1339637738.0,3522.0,1029.0
erankampf,1386861569.0,1.0,1.0
eric_arrr,1341605355.0,91.0,17.0
eric_khun,1384327675.0,43.0,32.0
erichmond,1300978972.0,466.0,194.0
erickhill,1203008034.0,3930.0,968.0
ericlucb1,1401172809.0,78.0,17.0
erikatoni,1499167278.0,7.0,43.0
erlend_sh,1266115725.0,1751.0,102.0
ernsheong,1360310285.0,257.0,90.0
ertucetin,1468586108.0,150.0,62.0
espadrine,1315813621.0,5012.0,715.0
estsauver,1361212990.0,622.0,137.0
ethanahte,1471803746.0,3.0,16.0
etherealG,1246889375.0,734.0,394.0
etihwddot,1493770497.0,1.0,1.0
etruong42,1286296272.0,509.0,75.0
etskinner,1490203086.0,18.0,9.0
eurticket,1501787856.0,23.0,32.0
evanslify,1486185418.0,37.0,4.0
evarghese,1506968988.0,1.0,1.0
everhardt,1408965952.0,1.0,3.0
ewrcoffee,1489712755.0,14.0,10.0
examancer,1316027139.0,360.0,85.0
excalibur,1458066163.0,732.0,262.0
executive,1275357528.0,456.0,192.0
exratione,1299428907.0,1093.0,286.0
eyeareque,1287503560.0,1112.0,399.0
ezconnect,1484751470.0,11.0,11.0
f_allwein,1426580571.0,1254.0,433.0
fahadkhan,1326279073.0,144.0,71.0
fake-name,1389079375.0,691.0,143.0
falconman,1400872710.0,1.0,4.0
fameadmin,1494361415.0,1.0,1.0
fartnuggs,1512825324.0,2.0,2.0
farzadb82,1278178648.0,4.0,14.0
fasteddie,1401952474.0,202.0,65.0
favorited,1464810842.0,650.0,117.0
fdchn2016,1504244217.0,12.0,10.0
fellellor,1468989299.0,116.0,130.0
fencepost,1358710711.0,2535.0,893.0
fensipens,1400926850.0,94.0,55.0
fenwick67,1485884764.0,790.0,252.0
feralmoan,1301413181.0,204.0,194.0
fermigier,1415789400.0,845.0,181.0
fhrow4484,1495651327.0,196.0,17.0
filleokus,1339012023.0,631.0,157.0
fimdomeio,1409611853.0,183.0,85.0
financeit,1506961678.0,1.0,2.0
firebones,1268883017.0,1135.0,484.0
firelinks,1427485990.0,1.0,7.0
firethief,1301505638.0,683.0,264.0
fisholito,1479181568.0,3.0,4.0
fishywang,1358153564.0,73.0,64.0
fivedogit,1398943023.0,1134.0,234.0
fivesigma,1446174835.0,981.0,95.0
fixermark,1349214706.0,2955.0,1268.0
flamedoge,1421720533.0,206.0,422.0
flaviusas,1447208476.0,0.0,6.0
flipcoder,1317366798.0,70.0,54.0
floatboth,1319729887.0,1795.0,916.0
flohofwoe,1381829102.0,1666.0,486.0
florian-f,1419164025.0,52.0,19.0
fluxsauce,1418151221.0,173.0,48.0
flyweight,1494966522.0,2.0,2.0
fniephaus,1400534894.0,344.0,42.0
fokinsean,1392227942.0,429.0,169.0
foliveira,1413899854.0,23.0,18.0
foobarqux,1305304018.0,3110.0,1832.0
foolfoolz,1335894850.0,580.0,113.0
foreigner,1385479914.0,237.0,61.0
fori1to10,1506245586.0,11.0,11.0
forkLding,1434601325.0,297.0,214.0
fortpoint,1407941453.0,49.0,24.0
fourspace,1294202154.0,2147.0,202.0
fourthark,1447550650.0,127.0,84.0
fpgaminer,1364844339.0,3046.0,438.0
fr4egy8e9,1488496556.0,-3.0,1.0
francasso,1422889624.0,14.0,16.0
francesca,1323626562.0,1461.0,168.0
frandroid,1354151801.0,2961.0,1062.0
franzwong,1332396800.0,34.0,42.0
freakynit,1433162595.0,4.0,9.0
fredgrott,1358692665.0,208.0,343.0
fredkelly,1379652778.0,388.0,117.0
freerobby,1254845305.0,1188.0,329.0
freeslugs,1355836863.0,240.0,51.0
freetime2,1470459304.0,162.0,26.0
freshhawk,1288248891.0,3390.0,1266.0
freshyill,1302020183.0,1306.0,512.0
friendzis,1391006719.0,408.0,236.0
froderick,1512529901.0,13.0,5.0
frogcoder,1376146603.0,25.0,8.0
froztbyte,1413205608.0,95.0,16.0
frwntfwtr,1491496058.0,181.0,35.0
fsantucci,1491014004.0,1.0,4.0
funkaster,1320337437.0,448.0,170.0
funkjunky,1387389103.0,44.0,22.0
fusionflo,1367708530.0,6.0,10.0
futurebnd,1451751740.0,1.0,2.0
gadgetoid,1421503543.0,39.0,14.0
gallamine,1288894994.0,590.0,251.0
gambiting,1345850439.0,5448.0,2937.0
gameguy43,1268069607.0,838.0,95.0
gamerDude,1361316856.0,154.0,93.0
gangstead,1403810611.0,26.0,26.0
garganzol,1436266790.0,80.0,65.0
gary_good,1504290015.0,1.0,1.0
gault8121,1365469815.0,86.0,91.0
gazarullz,1465478907.0,30.0,37.0
gciruelos,1409531802.0,126.0,24.0
gcontella,1472762272.0,1.0,3.0
gear54rus,1401053912.0,386.0,240.0
generalpf,1352048815.0,154.0,38.0
genieyclo,1241452765.0,1592.0,400.0
geobmx540,1408600195.0,52.0,27.0
geoffreyy,1374000463.0,78.0,23.0
georgecmu,1207514587.0,10333.0,1591.0
georgefox,1300058555.0,339.0,129.0
gerardnll,1423065423.0,79.0,45.0
gergdgdfg,1503591904.0,36.0,5.0
gfredtech,1488628771.0,960.0,142.0
ggambetta,1376324368.0,1957.0,307.0
ggoerlich,1483052723.0,124.0,13.0
ggregoire,1351694453.0,1275.0,349.0
ghaydarov,1344750316.0,5.0,7.0
gheijfnfd,1487170298.0,1.0,2.0
ghettoimp,1451512013.0,206.0,38.0
ghostly_s,1402541274.0,919.0,353.0
ghusbands,1312845281.0,771.0,138.0
giacaglia,1463068989.0,499.0,34.0
gigatexal,1462719480.0,1163.0,803.0
gilbetron,1417617984.0,175.0,77.0
gkoberger,1225702916.0,13106.0,1081.0
glangdale,1445293358.0,1303.0,251.0
gldalmaso,1259922656.0,909.0,274.0
glenneroo,1406046471.0,170.0,152.0
gliffy-hn,1491239742.0,1.0,1.0
glutamate,1353938835.0,175.0,37.0
gmandiant,1506980516.0,1.0,1.0
gnicholas,1346363487.0,2886.0,893.0
goldscott,1330617850.0,47.0,9.0
goncalomb,1425163725.0,1.0,4.0
gorbachev,1248748520.0,589.0,279.0
gotthardt,1501679958.0,2.0,2.0
gravyboat,1448911876.0,78.0,41.0
graycoder,1394210782.0,13.0,21.0
greattypo,1274600787.0,477.0,242.0
greenApes,1507207223.0,1.0,1.0
greenspot,1457167198.0,1290.0,215.0
greenyoda,1287369331.0,10967.0,8487.0
gregoriol,1432162402.0,34.0,11.0
gressquel,1478076963.0,254.0,139.0
grey-area,1334264848.0,12829.0,2398.0
greyskull,1393478993.0,260.0,93.0
greysteil,1332680589.0,21.0,35.0
grimmdude,1307028195.0,76.0,173.0
grogenaut,1328952791.0,1134.0,845.0
grownseed,1348034291.0,687.0,196.0
grromrell,1395678832.0,5.0,5.0
gshrikant,1395303996.0,911.0,100.0
guhsnamih,1486162714.0,1.0,4.0
guiambros,1236577922.0,2963.0,645.0
gulperxcx,1482267903.0,131.0,17.0
guptaneil,1267791687.0,2687.0,532.0
gurubavan,1401899298.0,13.0,12.0
gus_massa,1207078220.0,6995.0,4057.0
guy-brush,1455498143.0,325.0,6.0
guywaffle,1508267592.0,16.0,40.0
guzgarcia,1492099720.0,1.0,2.0
gweinberg,1273941295.0,455.0,259.0
hackdroid,1468231871.0,1.0,3.0
hackerews,1375387481.0,1254.0,355.0
hackerkid,1409906772.0,449.0,91.0
hadilaasi,1337673587.0,2.0,5.0
haihaibye,1347874070.0,73.0,73.0
hal9000xp,1399386219.0,1289.0,141.0
halflings,1378307646.0,1044.0,305.0
hallman76,1285208947.0,228.0,61.0
haloneuro,1509567871.0,1.0,1.0
hamfisted,1399067828.0,3.0,6.0
hamiltonc,1319046076.0,11.0,5.0
hamilyon2,1410849861.0,171.0,82.0
handyman5,1274885586.0,6.0,11.0
handzhiev,1296119227.0,143.0,110.0
hans0l074,1332941542.0,78.0,21.0
happycube,1331232194.0,452.0,182.0
happyrock,1234864571.0,67.0,33.0
haribabug,1489684427.0,1.0,2.0
harisamin,1324862013.0,124.0,86.0
hasanzuav,1326333303.0,2.0,7.0
hashberry,1391573606.0,364.0,145.0
hayden592,1458142531.0,9.0,15.0
headcanon,1355458275.0,741.0,205.0
headspin1,1496339012.0,1.0,2.0
heavymark,1297779943.0,907.0,163.0
heckubadu,1419707288.0,3.0,13.0
hector_ka,1265904450.0,71.0,73.0
heisenbit,1420634485.0,1147.0,430.0
hellofunk,1436544151.0,5559.0,2155.0
hemanthtt,1500406316.0,1.0,1.0
herodotus,1477581842.0,311.0,39.0
hestefisk,1383357431.0,467.0,42.0
hgrimmett,1496748367.0,4.0,10.0
hguhghuff,1507160273.0,94.0,60.0
hharnisch,1403282346.0,681.0,110.0
hilbert42,1490057398.0,25.0,24.0
hisabness,1272230203.0,54.0,92.0
hisham_hm,1301767201.0,658.0,121.0
hive_mind,1425595951.0,122.0,72.0
hizanberg,1344641812.0,170.0,29.0
hlmencken,1391328799.0,83.0,32.0
hobarrera,1368966964.0,1428.0,1193.0
hobo_mark,1367408430.0,593.0,239.0
hohenheim,1436532097.0,97.0,49.0
hollander,1456138596.0,591.0,240.0
holtalanm,1463408240.0,580.0,157.0
homulilly,1395016860.0,533.0,177.0
hooluupig,1498262143.0,46.0,8.0
hoosieree,1484150281.0,225.0,37.0
hoprocker,1257627587.0,316.0,195.0
hossbeast,1468282719.0,379.0,249.0
hota_mazi,1464647617.0,1303.0,493.0
howard941,1414871089.0,69.0,62.0
hugh4life,1279770537.0,489.0,207.0
humblebee,1485279181.0,54.0,22.0
hunterjrj,1205931141.0,801.0,203.0
hvidgaard,1355234804.0,1505.0,959.0
hxta98596,1487053800.0,299.0,48.0
hydandata,1429359875.0,242.0,48.0
hyperbole,1462401501.0,23.0,8.0
hyperfekt,1479729528.0,35.0,15.0
hyperpape,1342454041.0,4056.0,1381.0
hyperrail,1308691624.0,167.0,37.0
iamakulov,1479886885.0,26.0,8.0
iamnafets,1175462968.0,199.0,26.0
ianseyler,1425150633.0,2.0,7.0
ianwalter,1361584314.0,36.0,36.0
icantrank,1479077293.0,9.0,12.0
icelancer,1346665527.0,5265.0,1761.0
icerevall,1506884413.0,4.0,1.0
icodemuch,1502418058.0,42.0,10.0
ideonexus,1359131424.0,1886.0,318.0
idlewords,1238791454.0,18359.0,2643.0
ifelsehow,1456899108.0,261.0,18.0
igravious,1273482966.0,2984.0,1724.0
iguanayou,1322842976.0,138.0,16.0
iloveluce,1404021514.0,539.0,39.0
imaassman,1507623352.0,-3.0,1.0
imartin2k,1376517454.0,5818.0,1172.0
imateapot,1496290416.0,1.0,2.0
imchillyb,1311947336.0,83.0,54.0
imcoconut,1477446876.0,32.0,40.0
imkevinxu,1254394263.0,1049.0,160.0
immortalx,1414351431.0,3.0,2.0
inbetween,1370466122.0,11.0,3.0
incan1275,1498756822.0,116.0,21.0
incanus77,1314899261.0,1101.0,104.0
indemnity,1491020919.0,102.0,44.0
inetknght,1484940616.0,694.0,293.0
infectoid,1301285228.0,247.0,92.0
infinity0,1370135700.0,977.0,289.0
infodroid,1361878070.0,2638.0,397.0
infogulch,1352838094.0,3091.0,809.0
inkblot11,1487716309.0,1.0,2.0
inlineint,1448459184.0,322.0,185.0
innerzeal,1489472493.0,1.0,2.0
insidiuos,1490281498.0,4.0,3.0
instaheat,1370382765.0,101.0,43.0
insulanus,1265220316.0,68.0,34.0
invisible,1216680152.0,1070.0,613.0
invokesus,1475762617.0,2.0,1.0
ionescuac,1499348834.0,1.0,1.0
ipedrazas,1335969886.0,161.0,108.0
iqbal1980,1489416557.0,1.0,2.0
ironchief,1296757103.0,1286.0,171.0
isanganak,1487880296.0,4.0,5.0
iscrewyou,1305187874.0,123.0,77.0
isoskeles,1474148437.0,52.0,24.0
israeli77,1485712428.0,5.0,1.0
israrkhan,1422161222.0,219.0,74.0
itchyjunk,1480036540.0,423.0,198.0
itsdevlin,1367970500.0,119.0,38.0
ivanbakel,1491325483.0,746.0,193.0
ivanceras,1232699360.0,324.0,82.0
ivanjaros,1494000308.0,1.0,2.0
ivnezapno,1417969002.0,4.0,12.0
j0nathanB,1511280126.0,1.0,1.0
jabdulius,1378686967.0,2.0,5.0
jacinabox,1466704497.0,2.0,18.0
jackielii,1363643336.0,23.0,25.0
jackpot51,1345853786.0,663.0,68.0
jacksnipe,1488760155.0,115.0,21.0
jacktasia,1216934786.0,195.0,77.0
jadeklerk,1499442046.0,17.0,16.0
jadengore,1426631755.0,28.0,27.0
jahrichie,1359583917.0,3.0,9.0
jakupovic,1280055288.0,4.0,8.0
jalateras,1418682460.0,1.0,6.0
jalibster,1491326759.0,0.0,2.0
